AÃ±o,Trimestre,Provincia,Mbps (Media de bajada)
2024,2,BUENOS AIRES,157.41
2024,2,CAPITAL FEDERAL,233.01
2024,2,CATAMARCA,97.38
2024,2,CHACO,107.76
2024,2,CHUBUT,21.67
2024,2,CORDOBA,117.39
2024,2,CORRIENTES,104.26
2024,2,ENTRE RIOS,100.98
2024,2,FORMOSA,82.66
2024,2,JUJUY,49.87
2024,2,LA PAMPA,28.73
2024,2,LA RIOJA,64.24
2024,2,MENDOZA,55.32
2024,2,MISIONES,96.15
2024,2,NEUQUEN,97.04
2024,2,RIO NEGRO,75.05
2024,2,SALTA,87.03
2024,2,SAN JUAN,32.17
2024,2,SAN LUIS,181.61
2024,2,SANTA CRUZ,29.89
2024,2,SANTA FE,102.51
2024,2,SANTIAGO DEL ESTERO,48.95
2024,2,TIERRA DEL FUEGO,22.09
2024,2,TUCUMAN,108.93
2024,1,BUENOS AIRES,159.13
2024,1,CAPITAL FEDERAL,229.94
2024,1,CATAMARCA,91.45
2024,1,CHACO,107.51
2024,1,CHUBUT,20.5
2024,1,CORDOBA,114.89
2024,1,CORRIENTES,102.49
2024,1,ENTRE RIOS,101.36
2024,1,FORMOSA,83.8
2024,1,JUJUY,47.52
2024,1,LA PAMPA,26.55
2024,1,LA RIOJA,63.71
2024,1,MENDOZA,51.85
2024,1,MISIONES,94.98
2024,1,NEUQUEN,98.16
2024,1,RIO NEGRO,75.0
2024,1,SALTA,84.34
2024,1,SAN JUAN,30.58
2024,1,SAN LUIS,179.49
2024,1,SANTA CRUZ,31.6
2024,1,SANTA FE,100.2
2024,1,SANTIAGO DEL ESTERO,44.9
2024,1,TIERRA DEL FUEGO,21.54
2024,1,TUCUMAN,103.36
2023,4,BUENOS AIRES,158.49
2023,4,CAPITAL FEDERAL,234.44
2023,4,CATAMARCA,89.4
2023,4,CHACO,107.14
2023,4,CHUBUT,20.29
2023,4,CORDOBA,114.03
2023,4,CORRIENTES,100.9
2023,4,ENTRE RIOS,101.18
2023,4,FORMOSA,83.35
2023,4,JUJUY,46.2
2023,4,LA PAMPA,25.61
2023,4,LA RIOJA,64.18
2023,4,MENDOZA,49.46
2023,4,MISIONES,93.65
2023,4,NEUQUEN,99.63
2023,4,RIO NEGRO,74.37
2023,4,SALTA,83.04
2023,4,SAN JUAN,24.78
2023,4,SAN LUIS,174.59
2023,4,SANTA CRUZ,36.77
2023,4,SANTA FE,99.81
2023,4,SANTIAGO DEL ESTERO,44.22
2023,4,TIERRA DEL FUEGO,17.92
2023,4,TUCUMAN,101.55
2023,3,BUENOS AIRES,146.84
2023,3,CAPITAL FEDERAL,218.13
2023,3,CATAMARCA,87.9
2023,3,CHACO,107.5
2023,3,CHUBUT,19.26
2023,3,CORDOBA,111.5
2023,3,CORRIENTES,99.64
2023,3,ENTRE RIOS,96.26
2023,3,FORMOSA,80.29
2023,3,JUJUY,44.55
2023,3,LA PAMPA,24.21
2023,3,LA RIOJA,63.84
2023,3,MENDOZA,46.96
2023,3,MISIONES,91.49
2023,3,NEUQUEN,96.57
2023,3,RIO NEGRO,70.93
2023,3,SALTA,80.8
2023,3,SAN JUAN,24.45
2023,3,SAN LUIS,104.97
2023,3,SANTA CRUZ,15.67
2023,3,SANTA FE,97.39
2023,3,SANTIAGO DEL ESTERO,41.46
2023,3,TIERRA DEL FUEGO,17.17
2023,3,TUCUMAN,98.85
2023,2,BUENOS AIRES,138.35
2023,2,CAPITAL FEDERAL,208.01
2023,2,CATAMARCA,86.13
2023,2,CHACO,105.45
2023,2,CHUBUT,18.58
2023,2,CORDOBA,111.82
2023,2,CORRIENTES,97.21
2023,2,ENTRE RIOS,89.37
2023,2,FORMOSA,77.32
2023,2,JUJUY,43.56
2023,2,LA PAMPA,22.78
2023,2,LA RIOJA,63.55
2023,2,MENDOZA,42.69
2023,2,MISIONES,90.55
2023,2,NEUQUEN,93.97
2023,2,RIO NEGRO,70.76
2023,2,SALTA,79.1
2023,2,SAN JUAN,20.39
2023,2,SAN LUIS,103.84
2023,2,SANTA CRUZ,15.48
2023,2,SANTA FE,94.87
2023,2,SANTIAGO DEL ESTERO,37.62
2023,2,TIERRA DEL FUEGO,16.92
2023,2,TUCUMAN,96.69
2023,1,BUENOS AIRES,116.18
2023,1,CAPITAL FEDERAL,188.65
2023,1,CATAMARCA,87.41
2023,1,CHACO,104.33
2023,1,CHUBUT,18.36
2023,1,CORDOBA,109.57
2023,1,CORRIENTES,94.8
2023,1,ENTRE RIOS,86.71
2023,1,FORMOSA,73.96
2023,1,JUJUY,42.75
2023,1,LA PAMPA,20.09
2023,1,LA RIOJA,63.13
2023,1,MENDOZA,41.45
2023,1,MISIONES,89.81
2023,1,NEUQUEN,93.42
2023,1,RIO NEGRO,74.4
2023,1,SALTA,76.85
2023,1,SAN JUAN,18.7
2023,1,SAN LUIS,55.85
2023,1,SANTA CRUZ,14.98
2023,1,SANTA FE,92.22
2023,1,SANTIAGO DEL ESTERO,36.27
2023,1,TIERRA DEL FUEGO,14.58
2023,1,TUCUMAN,95.79
2022,4,BUENOS AIRES,111.0
2022,4,CAPITAL FEDERAL,182.86
2022,4,CATAMARCA,83.33
2022,4,CHACO,104.02
2022,4,CHUBUT,15.92
2022,4,CORDOBA,108.77
2022,4,CORRIENTES,94.72
2022,4,ENTRE RIOS,87.47
2022,4,FORMOSA,72.03
2022,4,JUJUY,39.32
2022,4,LA PAMPA,19.1
2022,4,LA RIOJA,61.0
2022,4,MENDOZA,38.76
2022,4,MISIONES,91.24
2022,4,NEUQUEN,95.37
2022,4,RIO NEGRO,75.31
2022,4,SALTA,75.93
2022,4,SAN JUAN,16.39
2022,4,SAN LUIS,30.67
2022,4,SANTA CRUZ,14.33
2022,4,SANTA FE,90.3
2022,4,SANTIAGO DEL ESTERO,34.4
2022,4,TIERRA DEL FUEGO,13.48
2022,4,TUCUMAN,88.33
2022,3,BUENOS AIRES,70.19
2022,3,CAPITAL FEDERAL,101.05
2022,3,CATAMARCA,60.99
2022,3,CHACO,53.21
2022,3,CHUBUT,15.57
2022,3,CORDOBA,56.32
2022,3,CORRIENTES,45.07
2022,3,ENTRE RIOS,42.49
2022,3,FORMOSA,30.35
2022,3,JUJUY,32.43
2022,3,LA PAMPA,18.1
2022,3,LA RIOJA,44.3
2022,3,MENDOZA,34.16
2022,3,MISIONES,49.3
2022,3,NEUQUEN,47.81
2022,3,RIO NEGRO,34.13
2022,3,SALTA,41.33
2022,3,SAN JUAN,15.84
2022,3,SAN LUIS,19.33
2022,3,SANTA CRUZ,12.6
2022,3,SANTA FE,45.15
2022,3,SANTIAGO DEL ESTERO,17.69
2022,3,TIERRA DEL FUEGO,11.01
2022,3,TUCUMAN,53.36
2022,2,BUENOS AIRES,65.5
2022,2,CAPITAL FEDERAL,93.97
2022,2,CATAMARCA,56.56
2022,2,CHACO,50.61
2022,2,CHUBUT,14.91
2022,2,CORDOBA,53.51
2022,2,CORRIENTES,43.31
2022,2,ENTRE RIOS,40.03
2022,2,FORMOSA,28.47
2022,2,JUJUY,29.39
2022,2,LA PAMPA,16.07
2022,2,LA RIOJA,43.28
2022,2,MENDOZA,29.72
2022,2,MISIONES,46.23
2022,2,NEUQUEN,46.53
2022,2,RIO NEGRO,33.26
2022,2,SALTA,38.77
2022,2,SAN JUAN,14.44
2022,2,SAN LUIS,19.32
2022,2,SANTA CRUZ,11.81
2022,2,SANTA FE,42.01
2022,2,SANTIAGO DEL ESTERO,16.34
2022,2,TIERRA DEL FUEGO,10.97
2022,2,TUCUMAN,50.09
2022,1,BUENOS AIRES,62.51
2022,1,CAPITAL FEDERAL,88.22
2022,1,CATAMARCA,51.22
2022,1,CHACO,45.84
2022,1,CHUBUT,13.4
2022,1,CORDOBA,49.89
2022,1,CORRIENTES,38.11
2022,1,ENTRE RIOS,35.59
2022,1,FORMOSA,30.28
2022,1,JUJUY,27.69
2022,1,LA PAMPA,14.84
2022,1,LA RIOJA,41.37
2022,1,MENDOZA,26.2
2022,1,MISIONES,41.87
2022,1,NEUQUEN,43.05
2022,1,RIO NEGRO,31.09
2022,1,SALTA,36.71
2022,1,SAN JUAN,11.99
2022,1,SAN LUIS,20.95
2022,1,SANTA CRUZ,10.89
2022,1,SANTA FE,38.89
2022,1,SANTIAGO DEL ESTERO,14.5
2022,1,TIERRA DEL FUEGO,10.73
2022,1,TUCUMAN,47.24
2021,4,BUENOS AIRES,60.21
2021,4,CAPITAL FEDERAL,82.95
2021,4,CATAMARCA,46.38
2021,4,CHACO,42.34
2021,4,CHUBUT,9.08
2021,4,CORDOBA,46.36
2021,4,CORRIENTES,35.77
2021,4,ENTRE RIOS,33.32
2021,4,FORMOSA,28.76
2021,4,JUJUY,27.14
2021,4,LA PAMPA,13.85
2021,4,LA RIOJA,39.7
2021,4,MENDOZA,22.23
2021,4,MISIONES,38.9
2021,4,NEUQUEN,40.09
2021,4,RIO NEGRO,27.2
2021,4,SALTA,33.94
2021,4,SAN JUAN,11.05
2021,4,SAN LUIS,20.91
2021,4,SANTA CRUZ,8.99
2021,4,SANTA FE,36.02
2021,4,SANTIAGO DEL ESTERO,13.84
2021,4,TIERRA DEL FUEGO,10.7
2021,4,TUCUMAN,45.15
2021,3,BUENOS AIRES,56.26
2021,3,CAPITAL FEDERAL,77.71
2021,3,CATAMARCA,43.43
2021,3,CHACO,39.11
2021,3,CHUBUT,8.18
2021,3,CORDOBA,41.93
2021,3,CORRIENTES,32.17
2021,3,ENTRE RIOS,29.6
2021,3,FORMOSA,26.69
2021,3,JUJUY,25.98
2021,3,LA PAMPA,12.99
2021,3,LA RIOJA,38.87
2021,3,MENDOZA,13.37
2021,3,MISIONES,30.88
2021,3,NEUQUEN,38.34
2021,3,RIO NEGRO,25.4
2021,3,SALTA,31.21
2021,3,SAN JUAN,7.04
2021,3,SAN LUIS,21.7
2021,3,SANTA CRUZ,7.69
2021,3,SANTA FE,33.13
2021,3,SANTIAGO DEL ESTERO,13.35
2021,3,TIERRA DEL FUEGO,9.52
2021,3,TUCUMAN,42.1
2021,2,BUENOS AIRES,52.76
2021,2,CAPITAL FEDERAL,72.75
2021,2,CATAMARCA,42.19
2021,2,CHACO,37.4
2021,2,CHUBUT,7.68
2021,2,CORDOBA,39.59
2021,2,CORRIENTES,30.37
2021,2,ENTRE RIOS,27.62
2021,2,FORMOSA,23.97
2021,2,JUJUY,25.81
2021,2,LA PAMPA,12.28
2021,2,LA RIOJA,38.53
2021,2,MENDOZA,13.47
2021,2,MISIONES,28.68
2021,2,NEUQUEN,36.11
2021,2,RIO NEGRO,23.75
2021,2,SALTA,29.24
2021,2,SAN JUAN,6.99
2021,2,SAN LUIS,21.66
2021,2,SANTA CRUZ,7.63
2021,2,SANTA FE,30.7
2021,2,SANTIAGO DEL ESTERO,12.72
2021,2,TIERRA DEL FUEGO,8.59
2021,2,TUCUMAN,40.31
2021,1,BUENOS AIRES,50.79
2021,1,CAPITAL FEDERAL,68.29
2021,1,CATAMARCA,39.97
2021,1,CHACO,33.63
2021,1,CHUBUT,7.53
2021,1,CORDOBA,36.17
2021,1,CORRIENTES,25.99
2021,1,ENTRE RIOS,23.87
2021,1,FORMOSA,20.98
2021,1,JUJUY,26.78
2021,1,LA PAMPA,10.73
2021,1,LA RIOJA,12.7
2021,1,MENDOZA,12.6
2021,1,MISIONES,25.08
2021,1,NEUQUEN,34.24
2021,1,RIO NEGRO,21.92
2021,1,SALTA,27.32
2021,1,SAN JUAN,6.91
2021,1,SAN LUIS,21.59
2021,1,SANTA CRUZ,7.5
2021,1,SANTA FE,28.13
2021,1,SANTIAGO DEL ESTERO,11.58
2021,1,TIERRA DEL FUEGO,8.73
2021,1,TUCUMAN,37.98
2020,4,BUENOS AIRES,50.01
2020,4,CAPITAL FEDERAL,67.33
2020,4,CATAMARCA,37.65
2020,4,CHACO,32.45
2020,4,CHUBUT,7.38
2020,4,CORDOBA,35.12
2020,4,CORRIENTES,25.45
2020,4,ENTRE RIOS,24.05
2020,4,FORMOSA,19.7
2020,4,JUJUY,25.21
2020,4,LA PAMPA,9.88
2020,4,LA RIOJA,12.53
2020,4,MENDOZA,11.09
2020,4,MISIONES,24.96
2020,4,NEUQUEN,33.91
2020,4,RIO NEGRO,21.64
2020,4,SALTA,25.32
2020,4,SAN JUAN,6.41
2020,4,SAN LUIS,21.25
2020,4,SANTA CRUZ,7.49
2020,4,SANTA FE,27.29
2020,4,SANTIAGO DEL ESTERO,11.28
2020,4,TIERRA DEL FUEGO,8.49
2020,4,TUCUMAN,36.44
2020,3,BUENOS AIRES,48.38
2020,3,CAPITAL FEDERAL,63.81
2020,3,CATAMARCA,36.54
2020,3,CHACO,30.8
2020,3,CHUBUT,7.4
2020,3,CORDOBA,33.51
2020,3,CORRIENTES,23.85
2020,3,ENTRE RIOS,22.43
2020,3,FORMOSA,18.28
2020,3,JUJUY,21.91
2020,3,LA PAMPA,10.7
2020,3,LA RIOJA,12.19
2020,3,MENDOZA,10.19
2020,3,MISIONES,24.14
2020,3,NEUQUEN,31.46
2020,3,RIO NEGRO,21.08
2020,3,SALTA,25.26
2020,3,SAN JUAN,6.03
2020,3,SAN LUIS,20.85
2020,3,SANTA CRUZ,6.65
2020,3,SANTA FE,25.69
2020,3,SANTIAGO DEL ESTERO,10.88
2020,3,TIERRA DEL FUEGO,8.51
2020,3,TUCUMAN,34.84
2020,2,BUENOS AIRES,45.66
2020,2,CAPITAL FEDERAL,60.48
2020,2,CATAMARCA,34.93
2020,2,CHACO,27.95
2020,2,CHUBUT,7.61
2020,2,CORDOBA,30.99
2020,2,CORRIENTES,22.15
2020,2,ENTRE RIOS,20.45
2020,2,FORMOSA,16.87
2020,2,JUJUY,15.86
2020,2,LA PAMPA,8.03
2020,2,LA RIOJA,11.67
2020,2,MENDOZA,9.27
2020,2,MISIONES,22.56
2020,2,NEUQUEN,29.1
2020,2,RIO NEGRO,19.68
2020,2,SALTA,22.56
2020,2,SAN JUAN,6.31
2020,2,SAN LUIS,21.02
2020,2,SANTA CRUZ,6.59
2020,2,SANTA FE,23.93
2020,2,SANTIAGO DEL ESTERO,10.41
2020,2,TIERRA DEL FUEGO,8.13
2020,2,TUCUMAN,32.7
2020,1,BUENOS AIRES,45.18
2020,1,CAPITAL FEDERAL,58.71
2020,1,CATAMARCA,29.13
2020,1,CHACO,25.94
2020,1,CHUBUT,7.12
2020,1,CORDOBA,29.39
2020,1,CORRIENTES,20.54
2020,1,ENTRE RIOS,19.03
2020,1,FORMOSA,15.7
2020,1,JUJUY,14.14
2020,1,LA PAMPA,7.29
2020,1,LA RIOJA,7.96
2020,1,MENDOZA,8.44
2020,1,MISIONES,22.15
2020,1,NEUQUEN,27.77
2020,1,RIO NEGRO,19.06
2020,1,SALTA,21.43
2020,1,SAN JUAN,6.04
2020,1,SAN LUIS,20.99
2020,1,SANTA CRUZ,6.42
2020,1,SANTA FE,22.42
2020,1,SANTIAGO DEL ESTERO,10.0
2020,1,TIERRA DEL FUEGO,7.41
2020,1,TUCUMAN,32.25
2019,4,BUENOS AIRES,30.77
2019,4,CAPITAL FEDERAL,44.2
2019,4,CATAMARCA,24.88
2019,4,CHACO,23.37
2019,4,CHUBUT,6.99
2019,4,CORDOBA,26.16
2019,4,CORRIENTES,19.26
2019,4,ENTRE RIOS,17.01
2019,4,FORMOSA,14.53
2019,4,JUJUY,12.96
2019,4,LA PAMPA,6.53
2019,4,LA RIOJA,8.0
2019,4,MENDOZA,7.79
2019,4,MISIONES,20.32
2019,4,NEUQUEN,26.02
2019,4,RIO NEGRO,17.18
2019,4,SALTA,19.08
2019,4,SAN JUAN,6.04
2019,4,SAN LUIS,20.69
2019,4,SANTA CRUZ,5.21
2019,4,SANTA FE,20.55
2019,4,SANTIAGO DEL ESTERO,9.79
2019,4,TIERRA DEL FUEGO,7.27
2019,4,TUCUMAN,29.87
2019,3,BUENOS AIRES,25.68
2019,3,CAPITAL FEDERAL,38.71
2019,3,CATAMARCA,9.29
2019,3,CHACO,19.99
2019,3,CHUBUT,6.97
2019,3,CORDOBA,23.19
2019,3,CORRIENTES,16.7
2019,3,ENTRE RIOS,14.7
2019,3,FORMOSA,13.22
2019,3,JUJUY,11.97
2019,3,LA PAMPA,5.72
2019,3,LA RIOJA,8.0
2019,3,MENDOZA,6.11
2019,3,MISIONES,17.93
2019,3,NEUQUEN,23.75
2019,3,RIO NEGRO,15.98
2019,3,SALTA,14.75
2019,3,SAN JUAN,6.04
2019,3,SAN LUIS,19.74
2019,3,SANTA CRUZ,5.02
2019,3,SANTA FE,18.17
2019,3,SANTIAGO DEL ESTERO,9.39
2019,3,TIERRA DEL FUEGO,6.69
2019,3,TUCUMAN,19.32
2019,2,BUENOS AIRES,22.48
2019,2,CAPITAL FEDERAL,30.35
2019,2,CATAMARCA,8.81
2019,2,CHACO,16.01
2019,2,CHUBUT,6.05
2019,2,CORDOBA,18.43
2019,2,CORRIENTES,13.83
2019,2,ENTRE RIOS,12.19
2019,2,FORMOSA,10.84
2019,2,JUJUY,12.07
2019,2,LA PAMPA,5.49
2019,2,LA RIOJA,7.89
2019,2,MENDOZA,6.03
2019,2,MISIONES,14.5
2019,2,NEUQUEN,17.24
2019,2,RIO NEGRO,11.63
2019,2,SALTA,12.55
2019,2,SAN JUAN,6.12
2019,2,SAN LUIS,19.88
2019,2,SANTA CRUZ,6.01
2019,2,SANTA FE,15.07
2019,2,SANTIAGO DEL ESTERO,7.1
2019,2,TIERRA DEL FUEGO,6.34
2019,2,TUCUMAN,18.53
2019,1,BUENOS AIRES,19.64
2019,1,CAPITAL FEDERAL,24.72
2019,1,CATAMARCA,7.96
2019,1,CHACO,13.44
2019,1,CHUBUT,5.89
2019,1,CORDOBA,15.73
2019,1,CORRIENTES,12.05
2019,1,ENTRE RIOS,10.66
2019,1,FORMOSA,9.83
2019,1,JUJUY,8.56
2019,1,LA PAMPA,5.06
2019,1,LA RIOJA,7.09
2019,1,MENDOZA,5.74
2019,1,MISIONES,12.51
2019,1,NEUQUEN,15.88
2019,1,RIO NEGRO,10.49
2019,1,SALTA,10.38
2019,1,SAN JUAN,5.84
2019,1,SAN LUIS,8.71
2019,1,SANTA CRUZ,5.78
2019,1,SANTA FE,12.99
2019,1,SANTIAGO DEL ESTERO,6.42
2019,1,TIERRA DEL FUEGO,6.34
2019,1,TUCUMAN,16.57
2018,4,BUENOS AIRES,16.93
2018,4,CAPITAL FEDERAL,22.94
2018,4,CATAMARCA,8.04
2018,4,CHACO,13.49
2018,4,CHUBUT,6.09
2018,4,CORDOBA,15.81
2018,4,CORRIENTES,12.14
2018,4,ENTRE RIOS,11.02
2018,4,FORMOSA,9.82
2018,4,JUJUY,8.56
2018,4,LA PAMPA,4.32
2018,4,LA RIOJA,7.09
2018,4,MENDOZA,5.75
2018,4,MISIONES,12.5
2018,4,NEUQUEN,15.89
2018,4,RIO NEGRO,10.49
2018,4,SALTA,10.46
2018,4,SAN JUAN,5.72
2018,4,SAN LUIS,8.82
2018,4,SANTA CRUZ,5.12
2018,4,SANTA FE,13.18
2018,4,SANTIAGO DEL ESTERO,6.31
2018,4,TIERRA DEL FUEGO,7.44
2018,4,TUCUMAN,16.58
2018,3,BUENOS AIRES,16.78
2018,3,CAPITAL FEDERAL,21.64
2018,3,CATAMARCA,7.81
2018,3,CHACO,12.89
2018,3,CHUBUT,6.08
2018,3,CORDOBA,14.82
2018,3,CORRIENTES,11.49
2018,3,ENTRE RIOS,10.52
2018,3,FORMOSA,9.32
2018,3,JUJUY,7.67
2018,3,LA PAMPA,4.28
2018,3,LA RIOJA,6.16
2018,3,MENDOZA,5.79
2018,3,MISIONES,12.49
2018,3,NEUQUEN,14.67
2018,3,RIO NEGRO,10.06
2018,3,SALTA,9.27
2018,3,SAN JUAN,5.74
2018,3,SAN LUIS,8.81
2018,3,SANTA CRUZ,5.37
2018,3,SANTA FE,12.36
2018,3,SANTIAGO DEL ESTERO,5.78
2018,3,TIERRA DEL FUEGO,5.99
2018,3,TUCUMAN,15.26
2018,2,BUENOS AIRES,14.68
2018,2,CAPITAL FEDERAL,18.94
2018,2,CATAMARCA,7.69
2018,2,CHACO,12.5
2018,2,CHUBUT,5.33
2018,2,CORDOBA,13.88
2018,2,CORRIENTES,10.88
2018,2,ENTRE RIOS,10.19
2018,2,FORMOSA,8.97
2018,2,JUJUY,6.29
2018,2,LA PAMPA,4.1
2018,2,LA RIOJA,5.59
2018,2,MENDOZA,5.88
2018,2,MISIONES,11.76
2018,2,NEUQUEN,13.37
2018,2,RIO NEGRO,9.51
2018,2,SALTA,8.93
2018,2,SAN JUAN,5.85
2018,2,SAN LUIS,5.9
2018,2,SANTA CRUZ,5.19
2018,2,SANTA FE,11.75
2018,2,SANTIAGO DEL ESTERO,5.91
2018,2,TIERRA DEL FUEGO,5.94
2018,2,TUCUMAN,13.51
2018,1,BUENOS AIRES,14.2
2018,1,CAPITAL FEDERAL,17.75
2018,1,CATAMARCA,8.2
2018,1,CHACO,12.44
2018,1,CHUBUT,5.42
2018,1,CORDOBA,12.79
2018,1,CORRIENTES,11.12
2018,1,ENTRE RIOS,9.88
2018,1,FORMOSA,11.06
2018,1,JUJUY,6.74
2018,1,LA PAMPA,4.0
2018,1,LA RIOJA,5.89
2018,1,MENDOZA,5.88
2018,1,MISIONES,12.08
2018,1,NEUQUEN,11.96
2018,1,RIO NEGRO,8.98
2018,1,SALTA,9.19
2018,1,SAN JUAN,5.85
2018,1,SAN LUIS,5.89
2018,1,SANTA CRUZ,5.19
2018,1,SANTA FE,11.17
2018,1,SANTIAGO DEL ESTERO,6.25
2018,1,TIERRA DEL FUEGO,5.77
2018,1,TUCUMAN,9.36
2017,4,BUENOS AIRES,12.97
2017,4,CAPITAL FEDERAL,15.2
2017,4,CATAMARCA,7.78
2017,4,CHACO,11.7
2017,4,CHUBUT,5.41
2017,4,CORDOBA,11.64
2017,4,CORRIENTES,10.38
2017,4,ENTRE RIOS,9.3
2017,4,FORMOSA,10.11
2017,4,JUJUY,6.64
2017,4,LA PAMPA,3.98
2017,4,LA RIOJA,5.88
2017,4,MENDOZA,5.71
2017,4,MISIONES,11.32
2017,4,NEUQUEN,10.72
2017,4,RIO NEGRO,8.05
2017,4,SALTA,8.45
2017,4,SAN JUAN,5.83
2017,4,SAN LUIS,5.73
2017,4,SANTA CRUZ,5.21
2017,4,SANTA FE,10.3
2017,4,SANTIAGO DEL ESTERO,6.17
2017,4,TIERRA DEL FUEGO,5.2
2017,4,TUCUMAN,9.11
2017,3,BUENOS AIRES,8.43
2017,3,CAPITAL FEDERAL,10.64
2017,3,CATAMARCA,5.26
2017,3,CHACO,8.48
2017,3,CHUBUT,3.48
2017,3,CORDOBA,9.12
2017,3,CORRIENTES,7.45
2017,3,ENTRE RIOS,6.99
2017,3,FORMOSA,7.07
2017,3,JUJUY,4.69
2017,3,LA PAMPA,3.44
2017,3,LA RIOJA,5.01
2017,3,MENDOZA,3.51
2017,3,MISIONES,8.43
2017,3,NEUQUEN,8.17
2017,3,RIO NEGRO,5.49
2017,3,SALTA,6.13
2017,3,SAN JUAN,3.45
2017,3,SAN LUIS,3.5
2017,3,SANTA CRUZ,3.61
2017,3,SANTA FE,7.79
2017,3,SANTIAGO DEL ESTERO,5.18
2017,3,TIERRA DEL FUEGO,3.48
2017,3,TUCUMAN,6.39
2017,2,BUENOS AIRES,7.2
2017,2,CAPITAL FEDERAL,8.84
2017,2,CATAMARCA,5.1
2017,2,CHACO,7.69
2017,2,CHUBUT,3.45
2017,2,CORDOBA,7.42
2017,2,CORRIENTES,6.79
2017,2,ENTRE RIOS,6.29
2017,2,FORMOSA,6.18
2017,2,JUJUY,4.54
2017,2,LA PAMPA,3.32
2017,2,LA RIOJA,5.53
2017,2,MENDOZA,3.51
2017,2,MISIONES,7.6
2017,2,NEUQUEN,6.7
2017,2,RIO NEGRO,4.74
2017,2,SALTA,5.76
2017,2,SAN JUAN,3.49
2017,2,SAN LUIS,3.5
2017,2,SANTA CRUZ,3.6
2017,2,SANTA FE,6.84
2017,2,SANTIAGO DEL ESTERO,5.06
2017,2,TIERRA DEL FUEGO,3.48
2017,2,TUCUMAN,6.09
2017,1,BUENOS AIRES,6.68
2017,1,CAPITAL FEDERAL,8.35
2017,1,CATAMARCA,4.97
2017,1,CHACO,7.31
2017,1,CHUBUT,3.44
2017,1,CORDOBA,6.8
2017,1,CORRIENTES,6.43
2017,1,ENTRE RIOS,5.95
2017,1,FORMOSA,5.74
2017,1,JUJUY,4.39
2017,1,LA PAMPA,3.22
2017,1,LA RIOJA,5.43
2017,1,MENDOZA,3.51
2017,1,MISIONES,7.34
2017,1,NEUQUEN,6.03
2017,1,RIO NEGRO,4.45
2017,1,SALTA,5.34
2017,1,SAN JUAN,3.49
2017,1,SAN LUIS,3.5
2017,1,SANTA CRUZ,3.59
2017,1,SANTA FE,6.28
2017,1,SANTIAGO DEL ESTERO,4.95
2017,1,TIERRA DEL FUEGO,3.48
2017,1,TUCUMAN,5.88
2016,4,BUENOS AIRES,6.35
2016,4,CAPITAL FEDERAL,7.96
2016,4,CATAMARCA,4.89
2016,4,CHACO,7.08
2016,4,CHUBUT,3.41
2016,4,CORDOBA,6.47
2016,4,CORRIENTES,6.24
2016,4,ENTRE RIOS,5.81
2016,4,FORMOSA,5.63
2016,4,JUJUY,4.32
2016,4,LA PAMPA,3.19
2016,4,LA RIOJA,5.34
2016,4,MENDOZA,3.51
2016,4,MISIONES,7.11
2016,4,NEUQUEN,5.68
2016,4,RIO NEGRO,4.37
2016,4,SALTA,5.22
2016,4,SAN JUAN,3.49
2016,4,SAN LUIS,3.5
2016,4,SANTA CRUZ,3.56
2016,4,SANTA FE,6.04
2016,4,SANTIAGO DEL ESTERO,4.87
2016,4,TIERRA DEL FUEGO,3.48
2016,4,TUCUMAN,5.73
2016,3,BUENOS AIRES,5.91
2016,3,CAPITAL FEDERAL,7.38
2016,3,CATAMARCA,4.73
2016,3,CHACO,6.72
2016,3,CHUBUT,3.34
2016,3,CORDOBA,6.07
2016,3,CORRIENTES,5.96
2016,3,ENTRE RIOS,5.59
2016,3,FORMOSA,5.42
2016,3,JUJUY,4.22
2016,3,LA PAMPA,3.14
2016,3,LA RIOJA,5.08
2016,3,MENDOZA,3.51
2016,3,MISIONES,6.74
2016,3,NEUQUEN,5.29
2016,3,RIO NEGRO,4.16
2016,3,SALTA,5.05
2016,3,SAN JUAN,3.49
2016,3,SAN LUIS,3.5
2016,3,SANTA CRUZ,3.54
2016,3,SANTA FE,5.68
2016,3,SANTIAGO DEL ESTERO,4.67
2016,3,TIERRA DEL FUEGO,3.48
2016,3,TUCUMAN,5.54
2016,2,BUENOS AIRES,5.42
2016,2,CAPITAL FEDERAL,6.58
2016,2,CATAMARCA,4.36
2016,2,CHACO,6.3
2016,2,CHUBUT,3.34
2016,2,CORDOBA,5.52
2016,2,CORRIENTES,5.6
2016,2,ENTRE RIOS,5.13
2016,2,FORMOSA,5.1
2016,2,JUJUY,3.84
2016,2,LA PAMPA,3.15
2016,2,LA RIOJA,4.77
2016,2,MENDOZA,3.5
2016,2,MISIONES,6.23
2016,2,NEUQUEN,4.87
2016,2,RIO NEGRO,3.98
2016,2,SALTA,4.75
2016,2,SAN JUAN,3.49
2016,2,SAN LUIS,3.5
2016,2,SANTA CRUZ,3.5
2016,2,SANTA FE,5.14
2016,2,SANTIAGO DEL ESTERO,4.31
2016,2,TIERRA DEL FUEGO,3.48
2016,2,TUCUMAN,5.2
2016,1,BUENOS AIRES,4.99
2016,1,CAPITAL FEDERAL,6.05
2016,1,CATAMARCA,4.2
2016,1,CHACO,5.99
2016,1,CHUBUT,3.38
2016,1,CORDOBA,5.16
2016,1,CORRIENTES,5.37
2016,1,ENTRE RIOS,5.08
2016,1,FORMOSA,4.87
2016,1,JUJUY,3.77
2016,1,LA PAMPA,3.05
2016,1,LA RIOJA,4.62
2016,1,MENDOZA,3.5
2016,1,MISIONES,6.0
2016,1,NEUQUEN,4.42
2016,1,RIO NEGRO,3.83
2016,1,SALTA,4.74
2016,1,SAN JUAN,3.49
2016,1,SAN LUIS,3.5
2016,1,SANTA CRUZ,3.48
2016,1,SANTA FE,4.9
2016,1,SANTIAGO DEL ESTERO,4.17
2016,1,TIERRA DEL FUEGO,3.48
2016,1,TUCUMAN,5.0
2015,4,BUENOS AIRES,4.88
2015,4,CAPITAL FEDERAL,5.93
2015,4,CATAMARCA,4.12
2015,4,CHACO,5.83
2015,4,CHUBUT,3.28
2015,4,CORDOBA,5.07
2015,4,CORRIENTES,5.26
2015,4,ENTRE RIOS,5.01
2015,4,FORMOSA,4.66
2015,4,JUJUY,3.72
2015,4,LA PAMPA,2.94
2015,4,LA RIOJA,4.52
2015,4,MENDOZA,3.5
2015,4,MISIONES,5.9
2015,4,NEUQUEN,4.36
2015,4,RIO NEGRO,3.77
2015,4,SALTA,4.67
2015,4,SAN JUAN,3.48
2015,4,SAN LUIS,3.5
2015,4,SANTA CRUZ,3.48
2015,4,SANTA FE,4.81
2015,4,SANTIAGO DEL ESTERO,4.09
2015,4,TIERRA DEL FUEGO,3.47
2015,4,TUCUMAN,4.88
2015,3,BUENOS AIRES,4.7
2015,3,CAPITAL FEDERAL,5.66
2015,3,CATAMARCA,3.88
2015,3,CHACO,5.47
2015,3,CHUBUT,3.28
2015,3,CORDOBA,4.87
2015,3,CORRIENTES,5.06
2015,3,ENTRE RIOS,4.77
2015,3,FORMOSA,4.17
2015,3,JUJUY,3.53
2015,3,LA PAMPA,2.91
2015,3,LA RIOJA,4.25
2015,3,MENDOZA,3.5
2015,3,MISIONES,5.63
2015,3,NEUQUEN,4.23
2015,3,RIO NEGRO,3.74
2015,3,SALTA,4.42
2015,3,SAN JUAN,3.48
2015,3,SAN LUIS,3.5
2015,3,SANTA CRUZ,3.48
2015,3,SANTA FE,4.56
2015,3,SANTIAGO DEL ESTERO,3.91
2015,3,TIERRA DEL FUEGO,3.48
2015,3,TUCUMAN,4.57
2015,2,BUENOS AIRES,4.46
2015,2,CAPITAL FEDERAL,5.31
2015,2,CATAMARCA,3.68
2015,2,CHACO,5.19
2015,2,CHUBUT,3.22
2015,2,CORDOBA,4.56
2015,2,CORRIENTES,4.85
2015,2,ENTRE RIOS,4.55
2015,2,FORMOSA,3.76
2015,2,JUJUY,3.41
2015,2,LA PAMPA,2.86
2015,2,LA RIOJA,4.0
2015,2,MENDOZA,3.5
2015,2,MISIONES,5.33
2015,2,NEUQUEN,4.06
2015,2,RIO NEGRO,3.67
2015,2,SALTA,4.22
2015,2,SAN JUAN,3.48
2015,2,SAN LUIS,3.5
2015,2,SANTA CRUZ,3.47
2015,2,SANTA FE,4.3
2015,2,SANTIAGO DEL ESTERO,3.73
2015,2,TIERRA DEL FUEGO,3.48
2015,2,TUCUMAN,4.31
2015,1,BUENOS AIRES,4.32
2015,1,CAPITAL FEDERAL,5.0
2015,1,CATAMARCA,3.48
2015,1,CHACO,4.9
2015,1,CHUBUT,3.21
2015,1,CORDOBA,4.3
2015,1,CORRIENTES,4.63
2015,1,ENTRE RIOS,4.35
2015,1,FORMOSA,3.38
2015,1,JUJUY,3.24
2015,1,LA PAMPA,2.83
2015,1,LA RIOJA,3.78
2015,1,MENDOZA,3.5
2015,1,MISIONES,4.97
2015,1,NEUQUEN,3.91
2015,1,RIO NEGRO,3.59
2015,1,SALTA,4.02
2015,1,SAN JUAN,3.48
2015,1,SAN LUIS,3.5
2015,1,SANTA CRUZ,3.47
2015,1,SANTA FE,4.06
2015,1,SANTIAGO DEL ESTERO,3.57
2015,1,TIERRA DEL FUEGO,3.45
2015,1,TUCUMAN,4.07
2014,4,BUENOS AIRES,4.2
2014,4,CAPITAL FEDERAL,4.78
2014,4,CATAMARCA,3.34
2014,4,CHACO,3.98
2014,4,CHUBUT,3.17
2014,4,CORDOBA,4.09
2014,4,CORRIENTES,3.81
2014,4,ENTRE RIOS,3.8
2014,4,FORMOSA,3.02
2014,4,JUJUY,3.13
2014,4,LA PAMPA,2.75
2014,4,LA RIOJA,3.58
2014,4,MENDOZA,3.5
2014,4,MISIONES,4.03
2014,4,NEUQUEN,3.85
2014,4,RIO NEGRO,3.54
2014,4,SALTA,3.86
2014,4,SAN JUAN,3.48
2014,4,SAN LUIS,3.5
2014,4,SANTA CRUZ,3.33
2014,4,SANTA FE,3.78
2014,4,SANTIAGO DEL ESTERO,3.46
2014,4,TIERRA DEL FUEGO,3.47
2014,4,TUCUMAN,3.86
2014,3,BUENOS AIRES,3.97
2014,3,CAPITAL FEDERAL,4.44
2014,3,CATAMARCA,2.92
2014,3,CHACO,3.46
2014,3,CHUBUT,3.17
2014,3,CORDOBA,3.66
2014,3,CORRIENTES,3.41
2014,3,ENTRE RIOS,3.4
2014,3,FORMOSA,2.66
2014,3,JUJUY,2.93
2014,3,LA PAMPA,2.82
2014,3,LA RIOJA,3.1
2014,3,MENDOZA,3.5
2014,3,MISIONES,3.58
2014,3,NEUQUEN,3.74
2014,3,RIO NEGRO,3.48
2014,3,SALTA,3.41
2014,3,SAN JUAN,3.47
2014,3,SAN LUIS,3.5
2014,3,SANTA CRUZ,3.31
2014,3,SANTA FE,3.38
2014,3,SANTIAGO DEL ESTERO,3.1
2014,3,TIERRA DEL FUEGO,3.47
2014,3,TUCUMAN,3.35
2014,2,BUENOS AIRES,3.85
2014,2,CAPITAL FEDERAL,4.25
2014,2,CATAMARCA,2.92
2014,2,CHACO,3.42
2014,2,CHUBUT,3.16
2014,2,CORDOBA,3.56
2014,2,CORRIENTES,3.37
2014,2,ENTRE RIOS,3.31
2014,2,FORMOSA,2.65
2014,2,JUJUY,2.77
2014,2,LA PAMPA,2.68
2014,2,LA RIOJA,3.1
2014,2,MENDOZA,3.5
2014,2,MISIONES,3.54
2014,2,NEUQUEN,3.66
2014,2,RIO NEGRO,3.43
2014,2,SALTA,3.39
2014,2,SAN JUAN,3.47
2014,2,SAN LUIS,3.5
2014,2,SANTA CRUZ,3.32
2014,2,SANTA FE,3.31
2014,2,SANTIAGO DEL ESTERO,3.07
2014,2,TIERRA DEL FUEGO,3.47
2014,2,TUCUMAN,3.35
2014,1,BUENOS AIRES,3.73
2014,1,CAPITAL FEDERAL,4.02
2014,1,CATAMARCA,2.8
2014,1,CHACO,3.26
2014,1,CHUBUT,3.18
2014,1,CORDOBA,3.39
2014,1,CORRIENTES,3.22
2014,1,ENTRE RIOS,3.17
2014,1,FORMOSA,2.57
2014,1,JUJUY,2.69
2014,1,LA PAMPA,2.65
2014,1,LA RIOJA,2.96
2014,1,MENDOZA,3.5
2014,1,MISIONES,3.4
2014,1,NEUQUEN,3.55
2014,1,RIO NEGRO,3.35
2014,1,SALTA,3.3
2014,1,SAN JUAN,3.47
2014,1,SAN LUIS,3.5
2014,1,SANTA CRUZ,3.32
2014,1,SANTA FE,3.15
2014,1,SANTIAGO DEL ESTERO,2.95
2014,1,TIERRA DEL FUEGO,3.45
2014,1,TUCUMAN,3.21
